{"add":{"mean":0.11354984900130984,"stdev":0.0034750818217824937,"count":100,"min":0.089788349197588685,"max":0.12031068417759157,"range":0.030522334980002883},"sub":{"mean":0.11358199695281922,"stdev":0.0043110980478742785,"count":100,"min":0.091186107343161529,"max":0.1227782592979824,"range":0.031592151954820874},"mul":{"mean":0.11803390765953971,"stdev":0.0028556923416539889,"count":100,"min":0.10389856463793351,"max":0.12630301958513257,"range":0.02240445494719906},"div":{"mean":0.12745316514242849,"stdev":0.0033255925588889677,"count":100,"min":0.10593374325169946,"max":0.13583566212051135,"range":0.029901918868811883},"matmul":{"mean":3.7281543956748679,"stdev":0.27730305085900919,"count":100,"min":2.9021851084586472,"max":4.6796447158231862,"range":1.777459607364539},"exp":{"mean":0.21274895836167385,"stdev":0.021813930130515195,"count":100,"min":0.18684824728804797,"max":0.42181153731047427,"range":0.2349632900224263},"sum":{"mean":0.00863838825902591,"stdev":0.0005551508355323612,"count":100,"min":0.0080270281825354558,"max":0.011250568431362643,"range":0.0032235402488271867},"lu":{"mean":1.5740940661595804,"stdev":0.074972923484967854,"count":100,"min":1.36082613968059,"max":1.8360386455592392,"range":0.47521250587864916},"fft":{"mean":0.12176874463148157,"stdev":0.029329037195638476,"count":100,"min":0.11396903069335022,"max":0.39199221103281551,"range":0.27802318033946527}}