{"add":{"mean":0.22494541115563563,"stdev":0.023553427491025913,"count":100,"min":0.16753955699277462,"max":0.42262385973640332,"range":0.2550843027436287},"sub":{"mean":0.22799999125490214,"stdev":0.029569562760806151,"count":100,"min":0.18301983776871741,"max":0.40780286217337058,"range":0.22478302440465317},"mul":{"mean":0.22812152382358988,"stdev":0.023651484617884619,"count":100,"min":0.19240138444616323,"max":0.39739619568808371,"range":0.20499481124192048},"div":{"mean":0.23223798715053615,"stdev":0.020508758888678365,"count":100,"min":0.19889170459448011,"max":0.42587606447274834,"range":0.22698435987826823},"matmul":{"mean":8.0504213048074718,"stdev":0.73291837745830757,"count":100,"min":6.5899204973434333,"max":11.032404474380749,"range":4.4424839770373161},"exp":{"mean":0.29737002841185151,"stdev":0.012876854748147887,"count":100,"min":0.25598213279333976,"max":0.37693655334315374,"range":0.12095442054981398},"sum":{"mean":0.01693860844115715,"stdev":0.00063981669719556091,"count":100,"min":0.0165296925223583,"max":0.020360045396774808,"range":0.0038303528744165066},"lu":{"mean":2.9076352477972063,"stdev":0.165722788747643,"count":100,"min":2.5175601565566859,"max":3.2363911701718315,"range":0.71883101361514568},"fft":{"mean":0.21125081620913616,"stdev":0.00591410861864315,"count":100,"min":0.20092639736947457,"max":0.25178108493627738,"range":0.050854687566802809}}