{
    "add": {
        "count": 100,
        "max": 0.29022939300011785,
        "mean": 0.27740538772999573,
        "min": 0.2345012570003746,
        "range": 0.055728135999743245,
        "stdev": 0.005786930517886774
    },
    "div": {
        "count": 100,
        "max": 0.4198098810002193,
        "mean": 0.2844591011099965,
        "min": 0.21836412299990116,
        "range": 0.20144575800031816,
        "stdev": 0.02332638576594125
    },
    "exp": {
        "count": 100,
        "max": 0.48689158399974986,
        "mean": 0.317738959829976,
        "min": 0.26094108999996024,
        "range": 0.22595049399978961,
        "stdev": 0.026289875763944363
    },
    "fft": "N/A",
    "lu": "N/A",
    "matmul": "N/A",
    "mul": {
        "count": 100,
        "max": 0.4995564290002221,
        "mean": 0.29267417810001917,
        "min": 0.23510224000028757,
        "range": 0.26445418899993456,
        "stdev": 0.04258137126312688
    },
    "sub": {
        "count": 100,
        "max": 0.478891762999865,
        "mean": 0.28473182192001334,
        "min": 0.22840981100034696,
        "range": 0.25048195199951806,
        "stdev": 0.032452709439346715
    },
    "sum": "N/A"
}