{
    "add": {
        "count": 100,
        "max": 0.15649838500394253,
        "mean": 0.15123270416974266,
        "min": 0.1350413159962045,
        "range": 0.021457069007738028,
        "stdev": 0.00240971440314804
    },
    "div": {
        "count": 100,
        "max": 0.32369299600395607,
        "mean": 0.1538435871204274,
        "min": 0.12362313299672678,
        "range": 0.2000698630072293,
        "stdev": 0.018247320644351576
    },
    "exp": {
        "count": 100,
        "max": 0.2547704509997857,
        "mean": 0.15748725642035424,
        "min": 0.13117112400504993,
        "range": 0.12359932699473575,
        "stdev": 0.012205999585609622
    },
    "fft": "N/A",
    "lu": "N/A",
    "matmul": "N/A",
    "mul": {
        "count": 100,
        "max": 0.3493632589961635,
        "mean": 0.1566705761103367,
        "min": 0.12449715699767694,
        "range": 0.22486610199848656,
        "stdev": 0.031616279575805116
    },
    "sub": {
        "count": 100,
        "max": 0.18819742200139444,
        "mean": 0.1514667034895683,
        "min": 0.1235900949977804,
        "range": 0.06460732700361405,
        "stdev": 0.00491340881587822
    },
    "sum": "N/A"
}