{
    "add": {
        "count": 100,
        "max": 0.6779792609997912,
        "mean": 0.28140367561999485,
        "min": 0.22096190299998852,
        "range": 0.4570173579998027,
        "stdev": 0.04677760678570066
    },
    "div": {
        "count": 100,
        "max": 0.5686431879998963,
        "mean": 0.46666322047000675,
        "min": 0.4388557330000822,
        "range": 0.12978745499981414,
        "stdev": 0.012145397403194404
    },
    "exp": {
        "count": 100,
        "max": 3.4160456029999295,
        "mean": 3.198459424699986,
        "min": 3.114428149000105,
        "range": 0.30161745399982465,
        "stdev": 0.03433327004136581
    },
    "fft": {
        "count": 100,
        "max": 0.40312812100000883,
        "mean": 0.13448967497001377,
        "min": 0.10840423300032853,
        "range": 0.2947238879996803,
        "stdev": 0.04394476149652659
    },
    "lu": {
        "count": 100,
        "max": 5.803321290999975,
        "mean": 4.427771613020022,
        "min": 3.866413285999897,
        "range": 1.9369080050000775,
        "stdev": 0.27687365928025204
    },
    "matmul": {
        "count": 100,
        "max": 10.693218565000052,
        "mean": 7.557527882310009,
        "min": 6.160308333000103,
        "range": 4.532910231999949,
        "stdev": 0.6401554885048588
    },
    "mul": {
        "count": 100,
        "max": 0.3847673029999896,
        "mean": 0.2706034506600008,
        "min": 0.23357767800007423,
        "range": 0.1511896249999154,
        "stdev": 0.01744495486889752
    },
    "sub": {
        "count": 100,
        "max": 0.3008707209999102,
        "mean": 0.27450583397999023,
        "min": 0.2281732070000544,
        "range": 0.0726975139998558,
        "stdev": 0.009476295071778076
    },
    "sum": {
        "count": 100,
        "max": 0.05311383800017211,
        "mean": 0.05152017491002425,
        "min": 0.047714711000026,
        "range": 0.005399127000146109,
        "stdev": 0.0006225533101600259
    }
}