{
    "add": {
        "count": 100,
        "max": 0.1559100340018631,
        "mean": 0.14587935842006117,
        "min": 0.11390441399998963,
        "range": 0.04200562000187347,
        "stdev": 0.008373608181391058
    },
    "div": {
        "count": 100,
        "max": 0.42583865499909734,
        "mean": 0.4081921064700145,
        "min": 0.381449023996538,
        "range": 0.04438963100255933,
        "stdev": 0.006657576042666549
    },
    "exp": {
        "count": 100,
        "max": 3.019687644999067,
        "mean": 2.9445842628299577,
        "min": 2.8754304530011723,
        "range": 0.14425719199789455,
        "stdev": 0.025381692854975726
    },
    "fft": {
        "count": 100,
        "max": 0.22125972199864918,
        "mean": 0.07832356483966578,
        "min": 0.06421914100064896,
        "range": 0.15704058099800022,
        "stdev": 0.025435769253804308
    },
    "lu": {
        "count": 100,
        "max": 2.8385217680042842,
        "mean": 2.668617472940314,
        "min": 2.536647789995186,
        "range": 0.3018739780090982,
        "stdev": 0.06543127303396748
    },
    "matmul": {
        "count": 100,
        "max": 3.886106274003396,
        "mean": 3.5604361423604134,
        "min": 3.1879025180023746,
        "range": 0.6982037560010212,
        "stdev": 0.1602782710069604
    },
    "mul": {
        "count": 100,
        "max": 0.16877407299762126,
        "mean": 0.15042317529994761,
        "min": 0.12453991099755513,
        "range": 0.044234162000066135,
        "stdev": 0.008794521270366847
    },
    "sub": {
        "count": 100,
        "max": 0.15922831300122198,
        "mean": 0.1480978877900634,
        "min": 0.12326215500070248,
        "range": 0.0359661580005195,
        "stdev": 0.007230614457324602
    },
    "sum": {
        "count": 100,
        "max": 0.030114715998934116,
        "mean": 0.02869320542049536,
        "min": 0.025820873001066502,
        "range": 0.004293842997867614,
        "stdev": 0.00127241747287979
    }
}